Arrests,Wifi Hotspots,Trash Cans
New Homestead,Allentown,Shadyside
Squirrel Hill North,South Side Flats,East Liberty
Stanton Heights,Brookline,Squirrel Hill South
Summer Hill,Bluff,Bloomfield
Banksville,Middle Hill,North Shore
Westwood,Beechview,South Side Flats
Duquesne Heights,Carrick,Strip District
Morningside,South Side Slopes,Carrick
Greenfield,Hazelwood,Central Oakland
Lincoln Place,South Oakland,Lower Lawrenceville
Squirrel Hill South,Allegheny West,Middle Hill
North Oakland,Point Breeze,Central Lawrenceville
Regent Square,Terrace Village,Homewood South
Point Breeze,Squirrel Hill South,Bluff
Windgap,Squirrel Hill North,East Allegheny
Brookline,Sheraden,Mount Washington
Oakwood,Knoxville,Brighton Heights
Chartiers City,North Oakland,Squirrel Hill North
Upper Lawrenceville,Marshall-Shadeland,Crawford-Roberts
Overbrook,Homewood South,Larimer
Terrace Village,East Liberty,Hazelwood
Shadyside,Central Northside,Brookline
East Carnegie,Central Lawrenceville,Marshall-Shadeland
Highland Park,Bloomfield,Sheraden
Fairywood,Beltzhoover,Troy Hill
Beechview,West End,Allegheny West
Crafton Heights,,Perry North
Bluff,,Upper Lawrenceville
Polish Hill,,Greenfield
South Oakland,,North Oakland
Perry North,,Polish Hill
Brighton Heights,,Point Breeze
Mount Washington,,Perry South
Garfield,,Elliott
Mt. Oliver,,Highland Park
Central Oakland,,Friendship
Friendship,,Central Northside
Marshall-Shadeland,,Regent Square
Central Lawrenceville,,West End
South Side Slopes,,Allentown
Ridgemont,,Beechview
Bloomfield,,West Oakland
Lower Lawrenceville,,South Side Slopes
Spring Hill-City View,,Crafton Heights
Upper Hill,,Morningside
Troy Hill,,Upper Hill
Elliott,,Central Business District
Sheraden,,Allegheny Center
Glen Hazel,,Lincoln Place
Spring Garden,,Knoxville
West Oakland,,South Oakland
Manchester,,Garfield
Arlington,,Manchester
Carrick,,Lincold-Lemington-Belmar
Beltzhoover,,Chateau
Perry South,,Terrace Village
Hazelwood,,Spring Hill-City View
Lincoln-Lemington-Belmar,,Westwood
Bon Air,,Homewood North
Central Northside,,California-Kirkbride
